tiempo_s,angulo_rodilla_grados
0.000,169.65
0.033,169.25
0.067,170.08
0.100,168.65
0.133,169.20
0.167,168.37
0.200,167.16
0.233,167.36
0.267,165.62
0.300,165.51
0.333,163.78
0.367,162.73
0.400,162.21
0.433,161.74
0.467,158.97
0.500,157.73
0.533,157.02
0.567,156.07
0.600,153.67
0.633,151.58
0.667,150.95
0.700,147.25
0.733,146.99
0.767,143.91
0.800,141.65
0.833,139.59
0.867,137.93
0.900,136.89
0.933,133.54
0.967,132.26
1.000,130.28
1.033,127.65
1.067,125.91
1.100,122.87
1.133,120.80
1.167,119.06
1.200,118.00
1.233,115.52
1.267,113.36
1.300,112.01
1.333,109.91
1.367,107.81
1.400,107.08
1.433,105.23
1.467,102.72
1.500,101.86
1.533,100.32
1.567,99.66
1.600,98.10
1.633,96.03
1.667,96.32
1.700,93.60
1.733,93.29
1.767,93.17
1.800,91.26
1.833,91.34
1.867,89.95
1.900,90.83
1.933,90.75
1.967,90.20
2.000,90.75
2.033,89.68
2.067,90.61
2.100,90.68
2.133,91.03
2.167,91.28
2.200,92.64
2.233,93.55
2.267,93.41
2.300,94.69
2.333,94.48
2.367,96.86
2.400,97.93
2.433,99.90
2.467,100.92
2.500,101.28
2.533,103.01
2.567,105.16
2.600,105.53
2.633,108.14
2.667,109.34
2.700,111.07
2.733,112.85
2.767,116.20
2.800,116.90
2.833,119.14
2.867,121.47
2.900,124.49
2.933,124.98
2.967,127.80
3.000,130.10
3.033,132.86
3.067,134.82
3.100,136.99
3.133,137.87
3.167,140.18
3.200,142.08
3.233,145.10
3.267,147.18
3.300,147.46
3.333,149.35
3.367,151.25
3.400,152.98
3.433,155.14
3.467,156.94
3.500,157.81
3.533,158.73
3.567,160.92
3.600,162.10
3.633,163.68
3.667,165.55
3.700,166.02
3.733,166.57
3.767,167.58
3.800,168.39
3.833,167.75
3.867,169.92
3.900,170.07
3.933,170.53
3.967,170.54
4.000,169.78
4.033,169.74
4.067,168.99
4.100,169.78
4.133,168.25
4.167,167.77
4.200,167.46
4.233,166.67
4.267,166.22
4.300,164.75
4.333,163.64
4.367,162.85
4.400,161.56
4.433,160.81
4.467,158.78
4.500,159.03
4.533,156.99
4.567,154.47
4.600,153.02
4.633,151.48
4.667,149.73
4.700,147.41
4.733,146.97
4.767,145.32
4.800,142.29
4.833,140.32
4.867,137.49
4.900,135.46
4.933,133.87
4.967,131.62
5.000,130.66
5.033,127.23
5.067,124.87
5.100,124.64
5.133,121.74
5.167,118.94
5.200,117.73
5.233,114.72
5.267,113.79
5.300,112.80
5.333,110.73
5.367,108.61
5.400,106.01
5.433,104.56
5.467,102.57
5.500,102.26
5.533,100.34
5.567,99.47
5.600,97.30
5.633,95.90
5.667,95.98
5.700,95.33
5.733,94.16
5.767,93.27
5.800,92.59
5.833,91.84
5.867,90.33
5.900,90.53
5.933,89.93
5.967,89.11
6.000,89.06
6.033,89.61
6.067,89.74
6.100,90.88
6.133,91.79
6.167,91.26
6.200,92.83
6.233,93.63
6.267,94.37
6.300,94.09
6.333,94.80
6.367,95.91
6.400,97.03
6.433,98.32
6.467,100.52
6.500,102.52
6.533,103.92
6.567,104.79
6.600,106.79
6.633,108.81
6.667,109.17
6.700,112.16
6.733,114.55
6.767,116.23
6.800,118.14
6.833,119.60
6.867,121.04
6.900,124.32
6.933,125.48
6.967,128.51
7.000,130.94
7.033,131.89
7.067,133.98
7.100,137.15
7.133,138.77
7.167,139.69
7.200,141.61
7.233,143.64
7.267,147.08
7.300,148.77
7.333,149.29
7.367,152.44
7.400,154.47
7.433,155.49
7.467,156.47
7.500,158.38
7.533,158.99
7.567,160.11
7.600,163.30
7.633,163.85
7.667,164.69
7.700,166.51
7.733,166.41
7.767,168.09
7.800,168.69
7.833,168.06
7.867,168.63
7.900,169.09
7.933,169.26
7.967,170.12
8.000,169.52
8.033,169.78
8.067,169.04
8.100,170.33
8.133,168.83
8.167,168.55
8.200,168.21
8.233,168.15
8.267,166.38
8.300,166.48
8.333,164.64
8.367,163.61
8.400,162.41
8.433,160.12
8.467,159.61
8.500,157.65
8.533,155.77
8.567,155.77
8.600,152.86
8.633,151.73
8.667,150.45
8.700,148.27
8.733,145.92
8.767,144.37
8.800,142.47
8.833,140.92
8.867,137.53
8.900,136.38
8.933,133.68
8.967,131.65
9.000,130.54
9.033,127.92
9.067,125.94
9.100,124.26
9.133,122.51
9.167,119.53
9.200,117.86
9.233,115.68
9.267,113.75
9.300,112.23
9.333,109.90
9.367,108.28
9.400,106.44
9.433,105.71
9.467,103.63
9.500,102.47
9.533,101.16
9.567,98.43
9.600,97.76
9.633,97.34
9.667,96.04
9.700,93.63
9.733,92.70
9.767,92.54
9.800,91.10
9.833,90.84
9.867,90.02
9.900,90.83
9.933,90.79
9.967,90.85
10.000,89.31
10.033,90.49
10.067,90.54
10.100,89.78
10.133,91.64
10.167,92.30
10.200,91.40
10.233,93.56
10.267,93.25
10.300,94.33
10.333,96.34
10.367,97.12
10.400,96.96
10.433,98.78
10.467,100.31
10.500,101.39
10.533,102.63
10.567,104.46
10.600,106.93
10.633,107.25
10.667,110.11
10.700,111.72
10.733,112.77
10.767,115.33
10.800,117.89
10.833,119.67
10.867,120.81
10.900,124.71
10.933,126.40
10.967,128.85
11.000,129.21
11.033,131.62
11.067,133.26
11.100,136.82
11.133,137.86
11.167,139.61
11.200,142.21
11.233,145.16
11.267,146.91
11.300,147.68
11.333,149.30
11.367,152.62
11.400,153.65
11.433,155.57
11.467,155.94
11.500,157.40
11.533,160.10
11.567,160.94
11.600,161.51
11.633,164.42
11.667,164.91
11.700,166.24
11.733,165.71
11.767,168.06
11.800,167.18
11.833,169.36
11.867,169.03
11.900,169.19
11.933,169.89
11.967,170.80
12.000,169.54
